{
  "task_scores": {
    "easy": 0.9303666666666667,
    "medium": 0.8551666666666667,
    "hard": 0.8005
  },
  "overall": 0.8620111111111112
}